<?xml version="1.0" encoding="UTF-8"?>
<!DOCTYPE fontscolors PUBLIC "-//NetBeans//DTD Editor Fonts and Colors settings 1.1//EN" "http://www.netbeans.org/dtds/EditorFontsColors-1_1.dtd">
<fontscolors>
    <fontcolor default="number" name="FLOAT_LITERAL"/>
    <fontcolor name="mod-method">
        <font style="bold"/>
    </fontcolor>
    <fontcolor foreColor="white" name="mod-parameter"/>
    <fontcolor default="string" name="STRING_LITERAL"/>
    <fontcolor default="keyword" foreColor="ffcedf99" name="keyword">
        <font size="13" style="italic"/>
    </fontcolor>
    <fontcolor default="comment" foreColor="ff7f9f7f" name="LINE_COMMENT"/>
    <fontcolor foreColor="ffadd9ae" name="REGEXP_LITERAL"/>
    <fontcolor default="identifier" name="IDENTIFIER"/>
    <fontcolor name="mod-deprecated" strikeThrough="darkGray"/>
    <fontcolor foreColor="ffcc9393" name="mod-regexp"/>
    <fontcolor default="field" name="mod-global"/>
    <fontcolor default="operator" name="ANY_OPERATOR"/>
    <fontcolor name="mod-class"/>
    <fontcolor name="mod-unused" waveUnderlined="ff999999"/>
    <fontcolor default="comment" foreColor="ff7f9f7f" name="BLOCK_COMMENT"/>
    <fontcolor default="whitespace" name="WHITESPACE"/>
    <fontcolor bgColor="ff496b49" name="mark-occurrences"/>
    <fontcolor default="comment" name="DOCUMENTATION"/>
    <fontcolor bgColor="ffffe4ff" foreColor="black" name="mod-custom1"/>
    <fontcolor default="error" name="ERROR"/>
    <fontcolor name="mod-custom3">
        <font style="bold"/>
    </fontcolor>
    <fontcolor foreColor="blue" name="mod-custom2"/>
</fontscolors>
